<!-- BKP and RTC -->
<peripheral>
  <name>MDR_BKP</name>
  <version>1.0</version>
  <description>Backup and RTC Control</description>
  <groupName>BKP and RTC</groupName>
  <!-- #BKP_ADDR -->
  <size>32</size>
  <access>read-write</access>
  <addressBlock>
    <offset>0</offset>
    <size>0x54</size>
    <usage>registers</usage>
  </addressBlock>
  <registers>
    <!-- REG_x -->
    <register>
      <dim>14</dim>
      <dimIncrement>4</dimIncrement>
      <dimIndex>0,1,2,3,4,5,6,7,8,9,A,B,C,D</dimIndex>
      <name>REG_0%s</name>
      <description>User backup registers</description>
      <addressOffset>0x00000000</addressOffset>
      <size>32</size>
      <access>read-write</access>
      <resetValue>0x00000000</resetValue>
      <resetMask>0xFFFFFFFF</resetMask>
    </register>
    <!-- REG_0E -->
    <register>
      <name>REG_0E</name>
      <description>REG_OE Control register</description>
      <addressOffset>0x00000038</addressOffset>
      <size>32</size>
      <access>read-write</access>
      <resetValue>0x00000000</resetValue>
      <!-- #BKP_RESMSK -->
      <fields>
        <!--LOW-->
        <field>
          <name>LOW</name>
          <description>DUcc Freq control</description>
          <bitRange>[2:0]</bitRange>
          <access>read-write</access>
          <enumeratedValues>
            <headerEnumName>MDR_BKP_0E__LOW_</headerEnumName>
            <enumeratedValue>
              <name>10MHz</name>
              <description>CPU Clock less then 10MHz</description>
              <value>0</value>
            </enumeratedValue>
            <enumeratedValue>
              <name>200KHz</name>
              <description>CPU Clock less then 200KHz</description>
              <value>1</value>
            </enumeratedValue>
            <enumeratedValue>
              <name>500KHz</name>
              <description>CPU Clock less then 500KHz</description>
              <value>2</value>
            </enumeratedValue>
            <enumeratedValue>
              <name>1MHz</name>
              <description>CPU Clock less then 1MHz</description>
              <value>3</value>
            </enumeratedValue>
            <enumeratedValue>
              <name>GensOffz</name>
              <description>Generators Off</description>
              <value>4</value>
            </enumeratedValue>
            <enumeratedValue>
              <name>40MHz</name>
              <description>CPU Clock less then 40MHz</description>
              <value>5</value>
            </enumeratedValue>
            <enumeratedValue>
              <name>80MHz</name>
              <description>CPU Clock less then 80MHz</description>
              <value>6</value>
            </enumeratedValue>
            <enumeratedValue>
              <name>above_80MHz</name>
              <description>CPU Clock above 10MHz</description>
              <value>7</value>
            </enumeratedValue>
          </enumeratedValues>
        </field>
        <!--SelectRI-->
        <field>
          <name>SelectRI</name>
          <description>DUcc extra I, should be equals to LOW field!</description>
          <bitRange>[5:3]</bitRange>
          <access>read-write</access>
          <enumeratedValues>
            <headerEnumName>MDR_BKP_0E__SelRI_</headerEnumName>
            <enumeratedValue>
              <name>10MHz</name>
              <description>Additional I ~ 300uA</description>
              <value>0</value>
            </enumeratedValue>
            <enumeratedValue>
              <name>200KHz</name>
              <description>Additional I ~ 6.6uA</description>
              <value>1</value>
            </enumeratedValue>
            <enumeratedValue>
              <name>500KHz</name>
              <description>Additional I ~ 20A</description>
              <value>2</value>
            </enumeratedValue>
            <enumeratedValue>
              <name>1MHz</name>
              <description>Additional I ~ 80uA</description>
              <value>3</value>
            </enumeratedValue>
            <enumeratedValue>
              <name>GensOffz</name>
              <description>Additional I ~ 2uA</description>
              <value>4</value>
            </enumeratedValue>
            <enumeratedValue>
              <name>40MHz</name>
              <description>Additional I ~ 900uA</description>
              <value>5</value>
            </enumeratedValue>
            <enumeratedValue>
              <name>80MHz</name>
              <description>Additional I ~ 4.4mA</description>
              <value>6</value>
            </enumeratedValue>
            <enumeratedValue>
              <name>above_80MHz</name>
              <description>Additional I ~ 19mA</description>
              <value>7</value>
            </enumeratedValue>
          </enumeratedValues>
        </field>
        <!-- #BKP_ALONE -->
        <!-- #BKP_JTAGA -->
        <!-- #BKP_JTAGB -->
        <!--Trim dDUcc-->
        <field>
          <name>Trim_dDUcc</name>
          <description>Ducc adjust voltages</description>
          <bitRange>[10:8]</bitRange>
          <access>read-write</access>
          <enumeratedValues>
            <headerEnumName>MDR_BKP_0E__dDUcc_</headerEnumName>
            <enumeratedValue>
              <name>+0.1</name>
              <description>DUcc += 0.1 V</description>
              <value>0</value>
            </enumeratedValue>
            <enumeratedValue>
              <name>+0.06</name>
              <description>DUcc += 0.06 V</description>
              <value>1</value>
            </enumeratedValue>
            <enumeratedValue>
              <name>+0.04</name>
              <description>DUcc += 0.04 V</description>
              <value>2</value>
            </enumeratedValue>
            <enumeratedValue>
              <name>+0.01</name>
              <description>DUcc += 0.01 V</description>
              <value>3</value>
            </enumeratedValue>
            <enumeratedValue>
              <name>-0.01</name>
              <description>DUcc -= 0.01 V</description>
              <value>4</value>
            </enumeratedValue>
            <enumeratedValue>
              <name>-0.04</name>
              <description>DUcc -= 0.04 V</description>
              <value>5</value>
            </enumeratedValue>
            <enumeratedValue>
              <name>-0.6</name>
              <description>DUcc -= 0.06 V</description>
              <value>6</value>
            </enumeratedValue>
            <enumeratedValue>
              <name>-0.1</name>
              <description>DUcc -= 0.1 V</description>
              <value>7</value>
            </enumeratedValue>
          </enumeratedValues>
        </field>
        <!--FPOR-->
        <field>
          <name>FPOR</name>
          <description>Power Reset Flag</description>
          <bitRange>[11:11]</bitRange>
          <access>read-write</access>
          <enumeratedValues>
            <headerEnumName>MDR_BKP_0E__FPOR_</headerEnumName>
            <enumeratedValue>
              <name>Low</name>
              <description>No Bootloader</description>
              <value>0</value>
            </enumeratedValue>
            <enumeratedValue>
              <name>High</name>
              <description>Bootloader completed</description>
              <value>1</value>
            </enumeratedValue>
          </enumeratedValues>
        </field>
        <!-- #BKP_TRIM_DU -->
        <!-- #BKP_COVDET -->
        <!-- #BKP_MODE -->
        <!-- #BKP_LimI -->
      </fields>
    </register>
    <!-- REG_0F -->
    <register>
      <name>REG_0F</name>
      <description>REG_OF Control register</description>
      <addressOffset>0x0000003C</addressOffset>
      <size>32</size>
      <access>read-write</access>
      <resetValue>0x00000000</resetValue>
      <resetMask>0xFFFFBFFF</resetMask>
      <fields>
        <!--LSE_ON-->
        <field>
          <name>LSE_ON</name>
          <description>LSE generator enable</description>
          <bitRange>[0:0]</bitRange>
          <access>read-write</access>
          <enumeratedValues>
            <headerEnumName>MDR_RTC__LSE_ON_</headerEnumName>
            <enumeratedValue>
              <name>Off</name>
              <description>Disable state</description>
              <value>0</value>
            </enumeratedValue>
            <enumeratedValue>
              <name>On</name>
              <description>Enable state</description>
              <value>1</value>
            </enumeratedValue>
          </enumeratedValues>
        </field>
        <!--LSE_BYP-->
        <field>
          <name>LSE_BYP</name>
          <description>LSE generator </description>
          <bitRange>[1:1]</bitRange>
          <access>read-write</access>
          <enumeratedValues>
            <headerEnumName>MDR_RTC__LSE_BYP_</headerEnumName>
            <enumeratedValue>
              <name>Off</name>
              <description>Use for external resonator</description>
              <value>0</value>
            </enumeratedValue>
            <enumeratedValue>
              <name>On</name>
              <description>Use for external generator</description>
              <value>1</value>
            </enumeratedValue>
          </enumeratedValues>
        </field>
        <!--RTC_SEL-->
        <field>
          <name>RTC_SEL</name>
          <description>Select Clock for RTC</description>
          <bitRange>[3:2]</bitRange>
          <access>read-write</access>
          <enumeratedValues>
            <enumeratedValue>
              <name>LSI</name>
              <description>RTC use LSI clock</description>
              <value>0</value>
            </enumeratedValue>
            <enumeratedValue>
              <name>LSE</name>
              <description>RTC use LSE clock</description>
              <value>1</value>
            </enumeratedValue>
            <enumeratedValue>
              <name>HSIRTC</name>
              <description>RTC use HSIRTC clock</description>
              <value>2</value>
            </enumeratedValue>
            <enumeratedValue>
              <name>HSERTC</name>
              <description>RTC use HSERTC clock</description>
              <value>3</value>
            </enumeratedValue>
          </enumeratedValues>                            
        </field>
        <!--RTC_EN-->
        <field derivedFrom="LSE_ON">
          <name>RTC_EN</name>
          <description>RTC enable</description>
          <bitRange>[4:4]</bitRange>
        </field>
        <!--RTC_CAL-->
        <field>
          <name>RTC_CAL</name>
          <description>RTC calibration</description>
          <bitRange>[12:5]</bitRange>              
        </field>
        <!--RTC_CAL-->
        <field>
          <name>LSE_RDY</name>
          <description>LSE frequency ready</description>
          <bitRange>[13:13]</bitRange>
          <access>read-only</access>
          <enumeratedValues>
            <enumeratedValue>
              <name>NotReady</name>
              <description>No frequency or unstable</description>
              <value>0</value>
            </enumeratedValue>
            <enumeratedValue>
              <name>Ready</name>
              <description>Frequency ready</description>
              <value>1</value>
            </enumeratedValue>
          </enumeratedValues>
        </field> 
        <!--LSI_ON-->
        <field derivedFrom="LSE_ON">
          <name>LSI_ON</name>
          <description>LSI generator enable</description>
          <bitRange>[15:15]</bitRange>
        </field>
        <!--LSI_TRIM-->
        <field>
          <name>LSI_TRIM</name>
          <description>LSI frequency adjust</description>
          <bitRange>[20:16]</bitRange>              
          <enumeratedValues>
            <enumeratedValue> 
              <name>69KHz</name>
              <description>LSI frequency tuner</description>
              <value>0</value>
            </enumeratedValue>
            <enumeratedValue derivedFrom="69KHz"><name>65KHz</name><value>1</value></enumeratedValue>
            <enumeratedValue derivedFrom="69KHz"><name>60KHz</name><value>2</value></enumeratedValue>
            <enumeratedValue derivedFrom="69KHz"><name>58KHz</name><value>3</value></enumeratedValue>
            <enumeratedValue derivedFrom="69KHz"><name>52KHz</name><value>4</value></enumeratedValue>
            <enumeratedValue derivedFrom="69KHz"><name>50KHz</name><value>5</value></enumeratedValue>
            <enumeratedValue derivedFrom="69KHz"><name>49KHz</name><value>6</value></enumeratedValue>
            <enumeratedValue derivedFrom="69KHz"><name>45KHz</name><value>7</value></enumeratedValue>
            <enumeratedValue derivedFrom="69KHz"><name>44KHz</name><value>8</value></enumeratedValue>
            <enumeratedValue derivedFrom="69KHz"><name>42KHz</name><value>9</value></enumeratedValue>
            <enumeratedValue derivedFrom="69KHz"><name>40KHz</name><value>10</value></enumeratedValue>
            <enumeratedValue derivedFrom="69KHz"><name>39KHz</name><value>11</value></enumeratedValue>
            <enumeratedValue derivedFrom="69KHz"><name>37KHz</name><value>12</value></enumeratedValue>
            <enumeratedValue derivedFrom="69KHz"><name>36KHz</name><value>13</value></enumeratedValue>
            <enumeratedValue derivedFrom="69KHz"><name>35KHz</name><value>14</value></enumeratedValue>
            <enumeratedValue derivedFrom="69KHz"><name>33KHz</name><value>15</value></enumeratedValue>
            <enumeratedValue derivedFrom="69KHz"><name>32KHz</name><value>16</value></enumeratedValue>
          </enumeratedValues>
        </field>
        <!--LSI_RDY-->
        <field derivedFrom="LSE_RDY">
          <name>LSI_RDY</name>
          <description>LSI frequency ready</description>
          <bitRange>[21:21]</bitRange>
        </field>
        <!--HSI_ON-->
        <field derivedFrom="LSE_ON">
          <name>HSI_ON</name>
          <description>HSI generator enable</description>
          <bitRange>[22:22]</bitRange>
        </field>
        <!--HSI_RDY-->
        <field derivedFrom="LSE_RDY">
          <name>HSI_RDY</name>
          <description>HSI frequency ready</description>
          <bitRange>[23:23]</bitRange>
          <access>read-write</access>
        </field>
        <!--HSI_TRIM-->
        <field>
          <name>HSI_TRIM</name>
          <description>HSI frequency adjust</description>
          <bitRange>[29:24]</bitRange>              
        </field>
        <!--Standby-->
        <field>
          <name>Standby</name>
          <description>Standby sleep mode</description>
          <bitRange>[30:30]</bitRange>
          <access>read-write</access>
          <enumeratedValues>
            <enumeratedValue>
              <name>Disable</name>
              <description>Normal mode, DUcc is On</description>
              <value>0</value>
            </enumeratedValue>
            <enumeratedValue>
              <name>Enable</name>
              <description>Standby mode, DUcc is Off</description>
              <value>1</value>
            </enumeratedValue>
          </enumeratedValues>
        </field>
        <!--RTC_RESET-->
        <field>
          <name>RTC_RESET</name>
          <description>Reset RTC bit</description>
          <bitRange>[31:31]</bitRange>
          <access>read-write</access>
          <enumeratedValues>
            <enumeratedValue>
              <name>Active</name>
              <description>RTC active state</description>
              <value>0</value>
            </enumeratedValue>
            <enumeratedValue>
              <name>Reset</name>
              <description>RTC in Reset state</description>
              <value>1</value>
            </enumeratedValue>
          </enumeratedValues>
        </field>
      </fields>
    </register>
    <!-- RTC_CNT -->
    <register>
      <name>RTC_CNT</name>
      <description>Count periods of PRL</description>
      <addressOffset>0x00000040</addressOffset>
      <size>32</size>
      <access>read-write</access>
      <resetValue>0x00000000</resetValue>
      <resetMask>0xFFFFFFFF</resetMask>
    </register>
    <!-- RTC_DIV -->
    <register>
      <name>RTC_DIV</name>
      <description>Counts RTC Clock to get PRL value</description>
      <addressOffset>0x00000044</addressOffset>
      <size>32</size>
      <access>read-write</access>
      <resetValue>0x00000000</resetValue>
      <resetMask>0x000FFFFF</resetMask>
      <fields>
        <!--Value-->
        <field>
          <name>Value</name>
          <description>RTC DIV value </description>
          <bitRange>[19:0]</bitRange>
          <access>read-write</access>
        </field>
      </fields>
    </register>
    <!-- RTC_PRL -->
    <register>
      <name>RTC_PRL</name>
      <description>Period value for DIV counter</description>
      <addressOffset>0x00000048</addressOffset>
      <size>32</size>
      <access>read-write</access>
      <resetValue>0x00000000</resetValue>
      <resetMask>0x000FFFFF</resetMask>
      <fields>
        <!--Value-->
        <field>
          <name>Value</name>
          <description>RTC PRL value </description>
          <bitRange>[19:0]</bitRange>
          <access>read-write</access>
        </field>
      </fields>
    </register>
    <!-- RTC_ALRM -->
    <register>
      <name>RTC_ALRM</name>
      <description>Event value for CNT counter</description>
      <addressOffset>0x0000004C</addressOffset>
      <size>32</size>
      <access>read-write</access>
      <resetValue>0x00000000</resetValue>
      <resetMask>0xFFFFFFFF</resetMask>
      <fields>
        <!--Value-->
        <field>
          <name>Value</name>
          <description>Alarm value of CNT</description>
          <bitRange>[31:0]</bitRange>
          <access>read-write</access>
        </field>
      </fields>
    </register>
    <!-- RTC_CS -->
    <register>
      <name>RTC_CS</name>
      <description>RTC Control and Status</description>
      <addressOffset>0x00000050</addressOffset>
      <size>32</size>
      <access>read-write</access>
      <resetValue>0x00000000</resetValue>
      <resetMask>0x0000007F</resetMask>
      <fields>
        <!--OWF-->
        <field>
          <name>OWF</name>
          <description>CNT Overflow flag, clear by set 1</description>
          <bitRange>[0:0]</bitRange>
          <access>read-write</access>
          <enumeratedValues>
            <enumeratedValue>
              <name>Off</name>
              <description>No Event</description>
              <value>0</value>
            </enumeratedValue>
            <enumeratedValue>
              <name>On</name>
              <description>Event</description>
              <value>1</value>
            </enumeratedValue>
          </enumeratedValues>
        </field>
        <!--SECF-->
        <field derivedFrom="OWF">
          <name>SECF</name>
          <description>DIV == PRL Event, clear by set 1</description>
          <bitRange>[1:1]</bitRange>
        </field>
        <!--ALRF-->
        <field derivedFrom="OWF">
          <name>ALRF</name>
          <description>CNT == ALRM Event, clear by set 1</description>
          <bitRange>[2:2]</bitRange>
        </field>
        <!--OWF_IE-->
        <field derivedFrom="OWF">
          <name>OWF_IE</name>
          <description>Enable IRQ by OWF</description>
          <bitRange>[3:3]</bitRange>
        </field>
        <!--SECF_IE-->
        <field derivedFrom="OWF">
          <name>SECF_IE</name>
          <description>Enable IRQ by SECF</description>
          <bitRange>[4:4]</bitRange>
        </field>
        <!--ALRF_IE-->
        <field derivedFrom="OWF">
          <name>ALRF_IE</name>
          <description>Enable IRQ by ALRF</description>
          <bitRange>[5:5]</bitRange>
        </field>
        <!--WEC-->
        <field>
          <name>WEC</name>
          <description>RTC Busy flag</description>
          <bitRange>[6:6]</bitRange>
          <access>read-write</access>
          <enumeratedValues>
            <enumeratedValue>
              <name>Ready</name>
              <description>Registers available</description>
              <value>0</value>
            </enumeratedValue>
            <enumeratedValue>
              <name>Busy</name>
              <description>Registers unavailable</description>
              <value>1</value>
            </enumeratedValue>
          </enumeratedValues>
        </field>
      </fields>
    </register>
    <!-- Registers end-->
  </registers>
  <!-- peripheral end-->
</peripheral>