<!-- BKP and RTC -->
<peripheral>
  <name>MDR_BKP</name>
  <version>1.0</version>
  <description>Backup and RTC Control</description>
  <groupName>BKP and RTC</groupName>
  <baseAddress>0x40001000</baseAddress>
  <size>32</size>
  <access>read-write</access>
  <addressBlock>
    <offset>0</offset>
    <!-- #BKP_Size  -->
    <usage>registers</usage>
  </addressBlock>
  <registers>
    <!-- REG_x -->
    <register>
      <dim>60</dim>
      <dimIncrement>4</dimIncrement>
      <name>REG[%s]</name>
      <description>User backup registers</description>
      <addressOffset>0x00000000</addressOffset>
      <size>32</size>
      <access>read-write</access>
      <resetValue>0x00000000</resetValue>
      <resetMask>0xFFFFFFFF</resetMask>
    </register>
    <!-- KEY -->
    <register>
      <name>KEY</name>
      <description>Unlock BKP and RTC Registers</description>
      <addressOffset>0x000000F0</addressOffset>
      <size>32</size>
      <access>read-write</access>
      <resetValue>0x00000000</resetValue>
      <resetMask>0xFFFFFFFF</resetMask>
    </register>
    <!-- #REGs_64_ESila -->
    <!-- REG_60_TMR0 -->
    <register>
      <name>REG_60_TMR0</name>
      <description>REG60 Control register</description>
      <addressOffset>0x00000100</addressOffset>
      <size>32</size>
      <access>read-write</access>
      <resetValue>0x00000000</resetValue>
      <!-- #REG60_FLDS -->
    </register>
    <!-- REG_61_TMR0 -->
    <register>
      <name>REG_61_TMR0</name>
      <description>REG61 Control register</description>
      <addressOffset>0x00000104</addressOffset>
      <size>32</size>
      <access>read-write</access>
      <resetValue>0x00000000</resetValue>
      <!-- #REG61_FLDS -->
    </register>
    <!-- REG_62_TMR0 -->
    <register>
      <name>REG_62_TMR0</name>
      <description>REG62 Control register</description>
      <addressOffset>0x00000108</addressOffset>
      <size>32</size>
      <access>read-write</access>
      <resetValue>0x00000000</resetValue>
      <!-- #REG62_FLDS -->
    </register>
    <!-- REG_63_TMR0 -->
    <register>
      <name>REG_63_TMR0</name>
      <description>REG63 Control register</description>
      <addressOffset>0x0000010C</addressOffset>
      <size>32</size>
      <access>read-write</access>
      <resetValue>0x00000000</resetValue>
      <!-- #REG63_FLDS -->
    </register>
    <!-- Lockstep 1-->
    <register derivedFrom="REG_60_TMR0">
      <name>REG_60_TMR1</name>
      <description>REG60 Control register</description>
      <addressOffset>0x00000110</addressOffset>
    </register>
    <register derivedFrom="REG_61_TMR0">
      <name>REG_61_TMR1</name>
      <description>REG61 Control register</description>
      <addressOffset>0x00000114</addressOffset>
    </register>
    <register derivedFrom="REG_61_TMR0">
      <name>REG_62_TMR1</name>
      <description>REG62 Control register</description>
      <addressOffset>0x00000118</addressOffset>
    </register>
    <register derivedFrom="REG_61_TMR0">
      <name>REG_63_TMR1</name>
      <description>REG63 Control register</description>
      <addressOffset>0x0000011C</addressOffset>
    </register>
    <!-- Lockstep 2-->
    <register derivedFrom="REG_60_TMR0">
      <name>REG_60_TMR2</name>
      <description>REG60 Control register</description>
      <addressOffset>0x00000120</addressOffset>
    </register>
    <register derivedFrom="REG_61_TMR0">
      <name>REG_61_TMR2</name>
      <description>REG61 Control register</description>
      <addressOffset>0x00000124</addressOffset>
    </register>
    <register derivedFrom="REG_61_TMR0">
      <name>REG_62_TMR2</name>
      <description>REG62 Control register</description>
      <addressOffset>0x00000128</addressOffset>
    </register>
    <register derivedFrom="REG_61_TMR0">
      <name>REG_63_TMR2</name>
      <description>REG63 Control register</description>
      <addressOffset>0x0000012C</addressOffset>
    </register>
    <!-- RTC_CNT -->
    <register>
      <name>RTC_CNT_TMR0</name>
      <description>Count periods of PRL</description>
      <addressOffset>0x00000130</addressOffset>
      <size>32</size>
      <access>read-write</access>
      <resetValue>0x00000000</resetValue>
      <resetMask>0xFFFFFFFF</resetMask>
    </register>
    <!-- RTC_DIV -->
    <register>
      <name>RTC_DIV_TMR0</name>
      <description>Counts RTC Clock to get PRL value</description>
      <addressOffset>0x00000134</addressOffset>
      <size>32</size>
      <access>read-write</access>
      <resetValue>0x00000000</resetValue>
      <resetMask>0x000FFFFF</resetMask>
      <fields>
        <!--Value-->
        <field>
          <name>Value</name>
          <description>RTC DIV value </description>
          <bitRange>[19:0]</bitRange>
          <access>read-write</access>
        </field>
      </fields>
    </register>
    <!-- RTC_PRL -->
    <register>
      <name>RTC_PRL_TMR0</name>
      <description>Period value for DIV counter</description>
      <addressOffset>0x00000138</addressOffset>
      <size>32</size>
      <access>read-write</access>
      <resetValue>0x00000000</resetValue>
      <resetMask>0x000FFFFF</resetMask>
      <fields>
        <!--Value-->
        <field>
          <name>Value</name>
          <description>RTC PRL value </description>
          <bitRange>[19:0]</bitRange>
          <access>read-write</access>
        </field>
      </fields>
    </register>
    <!-- RTC_ALRM -->
    <register>
      <name>RTC_ALRM_TMR0</name>
      <description>Event value for CNT counter</description>
      <addressOffset>0x0000013C</addressOffset>
      <size>32</size>
      <access>read-write</access>
      <resetValue>0x00000000</resetValue>
      <resetMask>0xFFFFFFFF</resetMask>
      <fields>
        <!--Value-->
        <field>
          <name>Value</name>
          <description>Alarm value of CNT</description>
          <bitRange>[31:0]</bitRange>
          <access>read-write</access>
        </field>
      </fields>
    </register>
    <!-- RTC_CS -->
    <register>
      <name>RTC_CS_TMR0</name>
      <description>RTC Control and Status</description>
      <addressOffset>0x00000140</addressOffset>
      <size>32</size>
      <access>read-write</access>
      <resetValue>0x00000000</resetValue>
      <resetMask>0x0000FFFF</resetMask>
      <fields>
        <!--OWF-->
        <field>
          <name>OWF</name>
          <description>CNT Overflow flag, clear by set 1</description>
          <bitRange>[0:0]</bitRange>
          <access>read-write</access>
          <enumeratedValues>
            <enumeratedValue>
              <name>Off</name>
              <description>No Event</description>
              <value>0</value>
            </enumeratedValue>
            <enumeratedValue>
              <name>On</name>
              <description>Event</description>
              <value>1</value>
            </enumeratedValue>
          </enumeratedValues>
        </field>
        <!--SECF-->
        <field derivedFrom="OWF">
          <name>SECF</name>
          <description>DIV == PRL Event, clear by set 1</description>
          <bitRange>[1:1]</bitRange>
        </field>
        <!--ALRF-->
        <field derivedFrom="OWF">
          <name>ALRF</name>
          <description>CNT == ALRM Event, clear by set 1</description>
          <bitRange>[2:2]</bitRange>
        </field>
        <!--OWF_IE-->
        <field derivedFrom="OWF">
          <name>OWF_IE</name>
          <description>Enable IRQ by OWF</description>
          <bitRange>[3:3]</bitRange>
        </field>
        <!--SECF_IE-->
        <field derivedFrom="OWF">
          <name>SECF_IE</name>
          <description>Enable IRQ by SECF</description>
          <bitRange>[4:4]</bitRange>
        </field>
        <!--ALRF_IE-->
        <field derivedFrom="OWF">
          <name>ALRF_IE</name>
          <description>Enable IRQ by ALRF</description>
          <bitRange>[5:5]</bitRange>
        </field>
        <!--WEC-->
        <field>
          <name>WEC</name>
          <description>RTC Busy flag</description>
          <bitRange>[6:6]</bitRange>
          <access>read-write</access>
          <enumeratedValues>
            <enumeratedValue>
              <name>Ready</name>
              <description>Registers available</description>
              <value>0</value>
            </enumeratedValue>
            <enumeratedValue>
              <name>Busy</name>
              <description>Registers unavailable</description>
              <value>1</value>
            </enumeratedValue>
          </enumeratedValues>
        </field>
        <!-- New Bits -->
        <field>
          <name>CLR_ERRx</name>
          <description>Clear Errors</description>
          <bitRange>[7:7]</bitRange>
          <enumeratedValues>      
            <enumeratedValue><name>Inactive</name><description>No Action</description><value>0</value></enumeratedValue>
            <enumeratedValue><name>Clear</name><description>Clear ERR_x Errors</description><value>1</value></enumeratedValue>
          </enumeratedValues>
        </field>
        <field>
          <name>ERR_CNT</name>
          <description>CNTx mistmatches</description>
          <bitRange>[8:8]</bitRange>
          <enumeratedValues>      
            <enumeratedValue><name>Off</name><description>No event</description><value>0</value></enumeratedValue>
            <enumeratedValue><name>On</name><description>Event Active</description><value>1</value></enumeratedValue>
          </enumeratedValues>
        </field>
        <field derivedFrom="ERR_CNT">
          <name>ERR_DIV</name>
          <description>DIVx mistmatches</description>
          <bitRange>[9:9]</bitRange>
        </field>
        <field derivedFrom="ERR_CNT">
          <name>ERR_CM</name>
          <description>Clock RTC too high</description>
          <bitRange>[10:10]</bitRange>
        </field>
        <field derivedFrom="ERR_CNT">
          <name>ERR_CC</name>
          <description>Clock RTC too low</description>
          <bitRange>[11:11]</bitRange>
        </field>
        <field derivedFrom="ERR_CNT">
          <name>ERR_CNTx</name>
          <description>Self channel CNT fault</description>
          <bitRange>[12:12]</bitRange>
        </field>
        <field derivedFrom="ERR_CNT">
          <name>ERR_DIVx</name>
          <description>Self channel DIV fault</description>
          <bitRange>[13:13]</bitRange>
        </field>
        <field derivedFrom="ERR_CNT">
          <name>ERR_CMx</name>
          <description>Self channel clock fault</description>
          <bitRange>[14:14]</bitRange>
        </field>
        <field>
          <name>ERR_IE</name>
          <description>Enable IRQ on RTC faults</description>
          <bitRange>[15:15]</bitRange>
          <enumeratedValues>      
            <enumeratedValue><name>Off</name><description>Disable</description><value>0</value></enumeratedValue>
            <enumeratedValue><name>On</name><description>Enable</description><value>1</value></enumeratedValue>
          </enumeratedValues>
        </field>
      </fields>
    </register>
    <!-- LockStep 1 -->
    <register derivedFrom="RTC_CNT_TMR0">
      <name>RTC_CNT_TMR1</name>
      <addressOffset>0x00000150</addressOffset>
    </register>
    <register derivedFrom="RTC_DIV_TMR0">
      <name>RTC_DIV_TMR1</name>
      <addressOffset>0x00000154</addressOffset>
    </register>
    <register derivedFrom="RTC_PRL_TMR0">
      <name>RTC_PRL_TMR1</name>
      <addressOffset>0x00000158</addressOffset>
    </register>
    <register derivedFrom="RTC_ALRM_TMR0">
      <name>RTC_ALRM_TMR1</name>
      <addressOffset>0x0000015C</addressOffset>
    </register>
    <register derivedFrom="RTC_CS_TMR0">
      <name>RTC_CS_TMR1</name>
      <addressOffset>0x00000160</addressOffset>
    </register>
    <!-- LockStep 2 -->
    <register derivedFrom="RTC_CNT_TMR0">
      <name>RTC_CNT_TMR2</name>
      <addressOffset>0x00000170</addressOffset>
    </register>
    <register derivedFrom="RTC_DIV_TMR0">
      <name>RTC_DIV_TMR2</name>
      <addressOffset>0x00000174</addressOffset>
    </register>
    <register derivedFrom="RTC_PRL_TMR0">
      <name>RTC_PRL_TMR2</name>
      <addressOffset>0x00000178</addressOffset>
    </register>
    <register derivedFrom="RTC_ALRM_TMR0">
      <name>RTC_ALRM_TMR2</name>
      <addressOffset>0x0000017C</addressOffset>
    </register>
    <register derivedFrom="RTC_CS_TMR0">
      <name>RTC_CS_TMR2</name>
      <addressOffset>0x00000180</addressOffset>
    </register>
    <!-- BLDO -->
    <register>
      <name>BLDO_CTRL0</name>
      <description>Battery LDO Control</description>
      <addressOffset>0x00000190</addressOffset>
      <size>32</size>
      <access>read-write</access>
      <resetValue>0x00000000</resetValue>
      <resetMask>0x8000001FF</resetMask>
      <fields>
        <field>
          <name>BLDO_Dis</name>
          <description>Disable Battery LDO</description>
          <bitRange>[0:0]</bitRange>
          <access>read-write</access>
          <enumeratedValues>            
            <enumeratedValue><name>Enable</name><description>Enable state</description><value>0</value></enumeratedValue>
            <enumeratedValue><name>Disable</name><description>Disable state</description><value>1</value></enumeratedValue>
          </enumeratedValues>
        </field>
        <field derivedFrom="REG_61_TMR0.bg_trimVdd1p6">
          <name>BLDO_Trim</name>
          <description>LDO_Bat Trim</description>
          <bitRange>[3:1]</bitRange>
        </field>
        <field derivedFrom="REG_61_TMR0.HLDO_SRILow">
          <name>BLDO_SRILow</name>
          <description>LDO_Bat Power adjustment</description>
          <bitRange>[6:4]</bitRange>
        </field>
        <field derivedFrom="REG_61_TMR0.LDO0_RDY">
          <name>BLDO_RDY</name>
          <bitRange>[7:7]</bitRange>
        </field>
        <field derivedFrom="BLDO_Dis">
          <name>ECC_Dis</name>
          <description>Disable ECC</description>
          <bitRange>[8:8]</bitRange>
        </field>
        <field derivedFrom="BLDO_Dis">
          <name>PMU_BG_Dis</name>
          <description>Disable PMU</description>
          <bitRange>[31:31]</bitRange>
        </field>
      </fields>
    </register>
    <register derivedFrom="BLDO_CTRL0">
      <name>BLDO_CTRL1</name>
      <addressOffset>0x00000194</addressOffset>
    </register>
    <register derivedFrom="BLDO_CTRL0">
      <name>BLDO_CTRL2</name>
      <addressOffset>0x00000198</addressOffset>
    </register>
    <!-- Registers end-->
  </registers>
  <!-- peripheral end-->
</peripheral>